first_name,last_name,street,city,state,zipcode,day,month,year
Tedra,Walshaw,004 Ohio Junction,Greensboro,North Carolina,27409,20,10,2004
Honoria,Petrello,79164 Basil Park,Houston,Texas,77201,1,2,1999
Marita,Kildahl,537 Anderson Point,Raleigh,North Carolina,27635,13,3,1961
Kliment,Harring,03786 Sheridan Center,Durham,North Carolina,27710,26,6,2009
Morrie,Craister,89 Fairfield Center,Bethesda,Maryland,20816,17,11,1906
Reggi,Johanning,2419 Kings Plaza,Sunnyvale,California,94089,15,7,1970
Elisabet,Gowdridge,947 Schiller Pass,Washington,District of Columbia,20591,13,1,2007
Edith,Geraldi,1839 Sage Road,Los Angeles,California,90050,17,4,2007
Leon,Trownson,21 2nd Point,San Diego,California,92145,5,8,1965
Reggie,Jeggo,8473 Schlimgen Court,Birmingham,Alabama,35210,22,6,1908
Nana,Shortland,32632 Butternut Court,Lincoln,Nebraska,68531,14,6,1956
Matilda,Alger,1689 Badeau Lane,San Antonio,Texas,78225,27,12,1960
Mireielle,Cours,67 Glacier Hill Circle,Richmond,Virginia,23237,26,12,1913
Hortensia,Brockest,2 Weeping Birch Circle,Minneapolis,Minnesota,55480,14,12,1982
Leonidas,Treadgall,1 Northridge Junction,Tuscaloosa,Alabama,35405,10,11,2018
Hyacinth,Kitson,2 Hollow Ridge Trail,Washington,District of Columbia,20051,12,8,2001
Wadsworth,d' Eye,73 Talmadge Way,Washington,District of Columbia,20022,10,8,1914
Cahra,Ballantine,95810 Transport Place,Lexington,Kentucky,40524,12,5,1994
Isaac,Cosker,19067 Old Gate Park,Indianapolis,Indiana,46247,17,11,1963
Chariot,Cayley,635 Melrose Junction,Pittsburgh,Pennsylvania,15261,16,8,1929
Tessy,Fortman,31 Granby Crossing,San Francisco,California,94116,25,4,1931
Carlynne,Connow,1568 Dayton Terrace,Denver,Colorado,80223,19,2,1970
Hedvig,Sibyllina,3 Talmadge Court,Palatine,Illinois,60078,6,7,1995
Mahala,Walhedd,569 Bowman Way,Danbury,Connecticut,06816,7,7,1916
Alon,Gorvin,4760 Ridgeview Center,Hagerstown,Maryland,21747,17,6,1925
Vyky,D'Alesco,1783 Meadow Ridge Circle,Littleton,Colorado,80161,12,5,1909
Sammy,Scawton,229 Commercial Junction,Charlotte,North Carolina,28230,15,2,1981
Levy,Davenhill,182 Old Gate Circle,Minneapolis,Minnesota,55423,7,11,1908
Rica,Jean,93733 Caliangt Trail,Trenton,New Jersey,08638,5,12,1973
Freddie,Sircomb,23408 Reindahl Street,Springfield,Missouri,65898,6,7,1921
Caroline,Litel,00 Mandrake Drive,Lynchburg,Virginia,24515,4,11,1986
Malchy,Prantoni,5478 Gateway Road,Amarillo,Texas,79118,21,1,1909
Morten,Cay,14004 Nancy Center,Fort Worth,Texas,76110,2,1,1944
Sephira,Winkell,4584 Annamark Pass,Seattle,Washington,98121,3,9,1947
Timi,Kleis,179 Everett Drive,Denver,Colorado,80204,14,5,1995
Man,Crellim,47870 Mesta Court,Van Nuys,California,91406,26,5,1963
Danella,Hambleton,4 Declaration Terrace,Lancaster,California,93584,1,1,1903
Abra,Lovie,670 Wayridge Terrace,Austin,Texas,78783,9,4,1929
Twyla,Schoular,8 Petterle Street,Hattiesburg,Mississippi,39404,10,11,1911
Correy,Pitceathly,9 Crescent Oaks Street,Long Beach,California,90805,6,6,1912
Wilden,Le Lievre,8544 Judy Parkway,Buffalo,New York,14220,1,8,1930
Arney,Gosalvez,947 Del Mar Lane,El Paso,Texas,79940,14,4,1956
Steffie,Halm,2092 Thompson Trail,Apache Junction,Arizona,85219,18,12,1995
Donal,McGraith,81096 Longview Alley,Baltimore,Maryland,21229,21,6,1980
Ralina,Toner,09471 Arrowood Parkway,Los Angeles,California,90087,21,11,1925
Davidson,Fresson,656 Ridge Oak Trail,Houston,Texas,77035,12,3,2001
Marietta,Boatman,01566 Summit Trail,South Bend,Indiana,46620,26,8,1955
Jdavie,Buckham,1518 Pawling Court,Grand Rapids,Michigan,49505,20,12,1903
Northrop,Halgarth,45 Hoffman Crossing,Tucson,Arizona,85737,10,7,1967
Kassandra,Gerrie,50 Warbler Circle,New Orleans,Louisiana,70187,15,8,2008
Germana,Ferrillio,4 Hudson Plaza,Saint Louis,Missouri,63121,4,3,1975
Dall,Manton,63 Holy Cross Circle,Springfield,Illinois,62776,18,5,1947
Leontyne,Littrik,29 Roxbury Drive,Charlotte,North Carolina,28215,3,7,1986
Phoebe,Mapletoft,72 Nelson Avenue,Miami,Florida,33283,27,10,1958
Andreas,O'Riordan,547 Pine View Road,Las Vegas,Nevada,89178,14,1,1965
Billie,Milward,34895 Lotheville Parkway,Mansfield,Ohio,44905,28,11,1978
Wynne,Southall,4 Eastlawn Lane,San Bernardino,California,92424,27,9,1950
Olia,Lawey,47 Upham Drive,Plano,Texas,75074,14,8,1965
Ortensia,Lory,8565 Stang Center,Syracuse,New York,13205,18,12,2010
Langsdon,Parnham,28 Gale Circle,Los Angeles,California,90101,6,5,1939
Clayson,Fealey,5 Arizona Avenue,Rochester,New York,14604,4,1,1963
Caitrin,Jeandot,70 Reindahl Way,Las Vegas,Nevada,89120,9,7,1951
Warren,Syddie,641 Utah Center,Cincinnati,Ohio,45264,24,11,1939
Rancell,McCrann,1776 Kipling Alley,Charlotte,North Carolina,28284,9,2,1960
Wolfie,Trosdall,7428 Bay Avenue,Omaha,Nebraska,68110,3,10,1915
Rosalinda,Mariolle,1 Memorial Alley,Anniston,Alabama,36205,27,2,1981
Ilene,Jaulme,823 Chive Hill,Springfield,Illinois,62711,23,10,1912
Talbert,Metzel,48 Evergreen Way,Washington,District of Columbia,20231,16,4,1981
Ban,Headland,51 Sunfield Drive,Lexington,Kentucky,40505,28,5,1939
Cecile,Biskupski,55101 Crowley Avenue,Newark,Delaware,19725,22,11,1971
Brigit,Cinnamond,125 Graedel Center,Tampa,Florida,33694,14,12,1972
Griz,Syder,81437 Farwell Place,Dallas,Texas,75241,16,11,1937
Cash,McGrotty,3583 Hansons Alley,Tampa,Florida,33620,14,5,1975
Becki,Barnes,5 Redwing Crossing,Albuquerque,New Mexico,87105,6,7,1907
Alexio,Crookall,5 Tennessee Junction,New York City,New York,10270,8,8,2013
Karrie,Bore,6 Claremont Avenue,Jamaica,New York,11436,18,11,1989
Dore,Peirpoint,06412 Luster Avenue,Madison,Wisconsin,53705,2,5,2010
Arlette,Schurcke,37 Kropf Point,Washington,District of Columbia,20205,10,10,1943
Lidia,Jandac,05 Carey Parkway,Bronx,New York,10469,7,9,1948
Bride,Saintpierre,899 Texas Center,New Orleans,Louisiana,70154,9,2,1911
Adah,Gatesman,6243 Washington Avenue,Oklahoma City,Oklahoma,73179,19,1,1977
Massimo,Jackalin,06543 Independence Lane,Dallas,Texas,75387,18,4,1992
Yulma,Gethin,499 Hoard Hill,Garden Grove,California,92645,10,7,1962
Brendin,Heis,0 School Junction,Pasadena,Texas,77505,8,2,1987
Gilburt,Sutworth,27099 Loftsgordon Hill,Seattle,Washington,98175,27,8,1987
Loreen,Pavinese,10 Lawn Hill,Kansas City,Missouri,64187,4,5,1918
Anton,Ashington,92654 Autumn Leaf Road,Houston,Texas,77025,25,6,2002
Josephine,Loseby,26811 Hoepker Drive,Pasadena,California,91103,5,4,1956
Helen-elizabeth,Willcot,36650 Fallview Center,Toledo,Ohio,43635,27,11,1911
Alphonso,Calam,877 Vidon Trail,Saint Petersburg,Florida,33705,20,11,1927
Jimmy,Ashbridge,007 Village Terrace,Shreveport,Louisiana,71166,15,3,1935
Flory,McGrae,277 Village Green Drive,Odessa,Texas,79769,12,10,1925
Zebedee,Fearnside,9989 Everett Center,Dallas,Texas,75358,26,4,1968
Dorry,Fant,513 Banding Avenue,San Bernardino,California,92424,14,5,2008
Robbie,Fauguel,0 Gateway Court,Kent,Washington,98042,13,12,1993
Anabal,Doull,205 Eagle Crest Parkway,Edmond,Oklahoma,73034,1,2,2008
Dani,Gilliat,9 Harper Crossing,Durham,North Carolina,27710,20,8,1907
Milka,Fissenden,0712 Kennedy Center,Corpus Christi,Texas,78410,9,6,1966
Sayres,Neesam,80 Packers Park,Atlanta,Georgia,31136,3,4,1971
Nanette,Storch,52 Granby Lane,Charlotte,North Carolina,28220,27,10,1976
Waylon,Blurton,55850 Huxley Plaza,Louisville,Kentucky,40250,7,6,1983
Selig,Geerdts,189 Old Shore Trail,Washington,District of Columbia,20503,2,4,1980
Abey,Folks,678 Loeprich Road,Wilmington,Delaware,19886,9,1,1940
Harli,Tallon,7 Del Sol Point,Scottsdale,Arizona,85260,27,12,1976
Cornelia,Southeran,9 Division Plaza,San Jose,California,95173,11,10,1933
Stacy,Jindra,47627 Dwight Court,Birmingham,Alabama,35236,24,10,2010
Hamilton,Rowntree,066 Hansons Junction,Saint Louis,Missouri,63131,9,4,1922
Jon,Tailby,9 Jana Drive,Oklahoma City,Oklahoma,73124,6,10,1950
Hestia,Wrightem,65 4th Alley,Chicago,Illinois,60674,11,4,1905
Simonette,Berzon,54348 Atwood Crossing,Topeka,Kansas,66629,23,6,2006
Pembroke,Wynne,985 Twin Pines Street,New York City,New York,10079,3,5,1929
Kathleen,Leeburne,08365 Dawn Hill,Syracuse,New York,13251,21,11,1970
Barret,Bysaker,46 Dapin Trail,Washington,District of Columbia,20215,12,3,1994
Carlyle,Dearden,8 Ridgeway Crossing,Kansas City,Missouri,64153,14,6,2013
Mahmud,Kellegher,62 Erie Plaza,Houston,Texas,77234,2,1,2019
Elvira,Gardener,2110 Artisan Hill,Carol Stream,Illinois,60351,24,9,1953
Francois,Thonason,62859 Morning Hill,Austin,Texas,78764,22,1,1944
Nickey,Learned,0 Division Avenue,Knoxville,Tennessee,37924,27,6,2011
Sondra,Brownett,23608 American Ash Pass,Everett,Washington,98206,26,5,1917
Carilyn,Saunier,2 Onsgard Circle,Fort Collins,Colorado,80525,24,4,1956
Sydelle,Quarrington,58 Garrison Alley,Sacramento,California,94250,10,9,1924
Jenna,Macquire,2 Cordelia Lane,Winston Salem,North Carolina,27157,5,5,1984
Tracey,Goncaves,70 Canary Court,Shreveport,Louisiana,71151,14,11,1908
Karla,Chambers,4 Nevada Terrace,Clearwater,Florida,34615,16,3,2015
Lianna,Shoebottom,4 Farwell Point,New York City,New York,10045,10,9,1958
Kris,Lodevick,54045 Kensington Junction,Boise,Idaho,83705,5,5,2006
Caitrin,Vasyagin,72 Warrior Parkway,Gary,Indiana,46406,28,1,2011
Jermayne,Robardet,5240 Homewood Terrace,Texarkana,Texas,75507,24,7,2013
Carmencita,Lalor,656 Green Center,Boston,Massachusetts,02216,25,5,1948
Brenden,Leivesley,5 Barnett Hill,Columbus,Ohio,43231,20,7,2008
Symon,Bedboro,53570 Hazelcrest Way,Raleigh,North Carolina,27615,10,6,2014
Marcia,O'Lehane,4 Northfield Terrace,Mobile,Alabama,36689,17,10,2007
Tarah,Barney,77653 Elka Street,Sacramento,California,94245,10,6,1963
Federico,Fawks,75242 Bobwhite Place,Los Angeles,California,90101,16,4,1916
Bella,Anten,81175 Manitowish Drive,Clearwater,Florida,33758,4,10,1921
Violetta,Rolf,5611 Crest Line Street,Washington,District of Columbia,20226,10,2,1964
Brier,Northidge,496 Commercial Alley,Columbus,Ohio,43240,24,11,1904
Ambrosius,Fanning,7559 Little Fleur Circle,Bakersfield,California,93305,1,8,1915
Leoine,Maty,7396 Union Place,Norfolk,Virginia,23504,20,7,2013
Mateo,Brody,907 Crest Line Avenue,Dallas,Texas,75277,17,6,1903
Husain,Kadwallider,122 Graceland Court,Charlotte,North Carolina,28215,24,8,1926
Afton,Pampling,18 Dwight Trail,Des Moines,Iowa,50335,19,7,1994
Marlyn,Welton,7 Weeping Birch Point,Norwalk,Connecticut,06859,15,1,1993
Crista,Grimes,915 Graceland Hill,San Antonio,Texas,78210,25,2,1940
Karrie,Bullion,42381 Sommers Alley,Muncie,Indiana,47306,6,3,1954
Meredithe,Fowlie,4 Valley Edge Terrace,Washington,District of Columbia,20566,24,2,2007
Kelila,Dilley,97680 Warner Junction,Alexandria,Virginia,22309,22,6,1982
Margo,Caghan,9223 Vermont Terrace,Houston,Texas,77040,21,6,2004
Audie,Ellul,19 Jenifer Crossing,Elmira,New York,14905,4,10,2017
Brandi,Cant,0731 Oak Valley Place,Albany,Georgia,31704,11,4,1947
Eamon,Libero,4 Holy Cross Pass,Humble,Texas,77346,21,8,1911
Caitlin,Tranmer,75266 Superior Circle,Boise,Idaho,83722,10,3,1944
Randi,Simenel,960 Moland Alley,Austin,Texas,78703,3,5,1957
Ericka,Dahlback,56 Birchwood Trail,Oklahoma City,Oklahoma,73109,18,10,1951
Flinn,Franke,2 Drewry Parkway,Columbus,Georgia,31904,4,5,1934
Rick,Binion,7 Maywood Point,Escondido,California,92030,16,3,1983
Abe,Fossett,4091 Westend Pass,Jackson,Mississippi,39216,3,6,1921
Gianina,Morch,9 Brown Crossing,Jacksonville,Florida,32230,6,10,1958
Joanne,Osgarby,2 Utah Terrace,Davenport,Iowa,52809,19,6,2012
Raven,Brazer,73 Old Gate Park,Abilene,Texas,79605,8,4,2015
Eddi,Waliszewski,97254 Hagan Plaza,El Paso,Texas,88535,14,11,1953
Brendan,Pitkin,72 6th Court,Washington,District of Columbia,20580,9,4,1914
Byron,Sesons,21 Harper Hill,Lynn,Massachusetts,01905,15,1,1938
Krissy,Dollar,7 Dakota Street,Des Moines,Iowa,50330,24,4,2009
Jamesy,Segrott,8442 Armistice Pass,Nashville,Tennessee,37250,23,6,2005
Cherise,Dunkinson,16400 Prentice Center,Shawnee Mission,Kansas,66225,21,8,1973
Carey,Oxborrow,2 Schmedeman Terrace,Harrisburg,Pennsylvania,17126,25,3,1983
Chrysa,Riddall,82 Lakewood Gardens Terrace,Kansas City,Missouri,64179,26,8,1991
Mace,Philippard,99 Brickson Park Circle,Tampa,Florida,33615,14,4,1970
Gwyn,Gamblin,172 Stone Corner Parkway,Roanoke,Virginia,24029,14,6,1953
Fifi,Farr,863 Milwaukee Trail,San Antonio,Texas,78255,12,6,1925
Vidovik,O' Hanvey,945 Almo Trail,Austin,Texas,78710,24,4,1967
Gerik,Blesing,004 Rockefeller Terrace,Philadelphia,Pennsylvania,19178,13,1,1955
Perren,Kenneford,5 Roth Lane,Toledo,Ohio,43610,22,4,2000
Bev,Briston,8289 Chive Crossing,Fredericksburg,Virginia,22405,26,5,1934
Quintilla,Kissock,9 Iowa Hill,Madison,Wisconsin,53716,8,12,1930
Peterus,Stockney,3583 Lake View Crossing,North Las Vegas,Nevada,89087,28,4,1912
Orlando,Muggleton,90657 Karstens Trail,Atlanta,Georgia,30351,9,11,2017
Hilda,Kacheler,47535 Namekagon Hill,Akron,Ohio,44305,25,7,1976
Fairfax,Tansill,9 Gerald Pass,Boston,Massachusetts,02124,2,12,1951
Janis,Rosbottom,24700 Gateway Drive,Charleston,South Carolina,29403,16,8,1902
Edsel,Gossage,2 Jenifer Trail,Seattle,Washington,98166,4,8,1959
Tedra,Basketter,8 Logan Center,Des Moines,Iowa,50335,23,6,1988
Emerson,Lagden,07609 Atwood Avenue,Sacramento,California,94286,26,3,2017
Hugues,Wilcott,93371 Briar Crest Plaza,Buffalo,New York,14210,8,3,1901
Selena,Pogosian,80 Evergreen Drive,Saint Paul,Minnesota,55188,12,5,1971
Lilah,Hilary,49007 Delladonna Street,Phoenix,Arizona,85083,22,3,1961
Miriam,Healy,6939 Truax Circle,Tacoma,Washington,98405,16,6,1931
Rena,Macrow,663 Hazelcrest Avenue,Anderson,Indiana,46015,18,12,1992
Carolynn,Dulany,8 Schiller Place,San Antonio,Texas,78235,7,5,2004
Aurilia,Bundy,505 Sloan Terrace,Atlanta,Georgia,30351,13,12,1971
Amelie,Viner,15288 Bartelt Junction,Flint,Michigan,48550,24,8,1977
Willey,Shutt,61 Kennedy Pass,Cincinnati,Ohio,45218,1,11,1915
Brenn,Drewett,3 Golf Pass,Richmond,Virginia,23285,21,7,1926
Aloysia,Sigmund,3101 Waywood Pass,Harrisburg,Pennsylvania,17121,7,9,1923
Marjie,Ankers,0369 Garrison Plaza,Sacramento,California,95852,13,8,1991
Faun,Swate,4224 Pierstorff Terrace,Washington,District of Columbia,20244,21,3,1958
Sheba,Gallico,0 Carey Junction,Lansing,Michigan,48930,14,9,1902
Kristoffer,Polleye,088 Darwin Lane,Elmira,New York,14905,9,9,1911
Karina,Penhale,4 Morning Terrace,Pompano Beach,Florida,33075,20,1,1914
Gizela,Elman,7815 Mcbride Junction,Charlotte,North Carolina,28272,13,1,1967
Grissel,Connealy,30 Messerschmidt Parkway,Houston,Texas,77035,24,7,1943
Dolph,Badrick,738 Division Street,Pittsburgh,Pennsylvania,15266,23,6,1955
Marieann,Capron,384 Autumn Leaf Terrace,New York City,New York,10099,6,1,1936
Gisella,Earp,98 Lakewood Place,Gainesville,Florida,32605,7,8,1993
Norma,Vergine,76 Red Cloud Hill,Chicago,Illinois,60646,8,5,1924
Theo,Woolnough,34173 Loftsgordon Way,Mesa,Arizona,85205,3,12,1985
Emmalynne,Abazi,91705 Bonner Park,Daytona Beach,Florida,32128,13,3,1995
Vivie,Minchinton,4798 Paget Road,Chattanooga,Tennessee,37450,23,12,1998
Ulrich,Yacob,6827 Oneill Alley,Albany,New York,12247,21,1,1912
Asa,Rospars,293 Spohn Trail,Salt Lake City,Utah,84199,4,5,1919
Mario,Fansy,31 Bluestem Road,Mobile,Alabama,36605,21,6,1967
Janette,Coplestone,3274 Comanche Avenue,San Antonio,Texas,78250,11,10,1933
Staford,Lardier,11 Melby Street,Topeka,Kansas,66606,18,8,1916
Benito,Carter,79 Warrior Alley,Long Beach,California,90847,14,4,1939
Andy,Fisbey,87163 Vermont Lane,Miami,Florida,33233,5,9,2013
Rene,Bindin,3030 Clemons Pass,New York City,New York,10019,20,11,1969
Marysa,Carous,18 Manitowish Way,Pensacola,Florida,32505,13,7,2001
Danielle,Lippiello,501 Prentice Avenue,Camden,New Jersey,08104,23,9,1990
Benetta,Fanthom,5920 Vahlen Court,Philadelphia,Pennsylvania,19109,4,8,1964
Etheline,Johann,74967 5th Lane,Naples,Florida,33963,19,3,1927
Sonja,Grise,72623 Fisk Circle,Denver,Colorado,80204,10,11,2019
Carolyn,Parkes,60519 Amoth Plaza,Dallas,Texas,75210,24,11,1947
Rosalinde,Baroc,4 Evergreen Drive,Columbus,Ohio,43268,18,7,1989
Sigfrid,Timmes,89 Lighthouse Bay Plaza,New Haven,Connecticut,06505,3,11,1954
Halley,Spong,0 Vera Pass,Daytona Beach,Florida,32123,4,2,1934
Mycah,Campsall,63 Prairie Rose Crossing,New Orleans,Louisiana,70179,6,2,2002
Jerrie,Alker,88 Delladonna Trail,Fresno,California,93704,8,6,1963
Marwin,Clarridge,2 Everett Alley,Houston,Texas,77035,24,12,1996
Franklyn,Mackin,19 Manitowish Road,Honolulu,Hawaii,96810,25,11,1955
Jacquelynn,Dunstone,34071 Dwight Park,San Francisco,California,94132,14,9,1969
Konstantin,Smooth,4 Atwood Junction,Wichita Falls,Texas,76310,25,12,1999
Harland,O'Dreain,00602 Delladonna Circle,Mountain View,California,94042,11,3,1938
Ivie,Lingfoot,73 Sugar Point,Alexandria,Virginia,22301,21,11,1977
Suzann,Choffin,4 Brickson Park Place,Richmond,Virginia,23237,28,2,2017
Krispin,Crossingham,5 8th Avenue,Orlando,Florida,32825,10,3,1963
Dyane,Bertlin,413 Quincy Hill,Kansas City,Missouri,64114,5,12,1977
Farly,Bownass,123 Bultman Way,San Antonio,Texas,78285,6,4,1950
Cally,Weatherhill,1 Sullivan Pass,Los Angeles,California,90076,21,2,1990
Elaine,Bissex,589 Veith Avenue,Canton,Ohio,44710,18,9,1910
Cornela,Polet,0952 Old Shore Terrace,Lexington,Kentucky,40524,23,4,1922
Nichols,Winborn,09 Ridgeview Way,Charlottesville,Virginia,22903,12,5,1900
Ediva,Pennuzzi,27295 Milwaukee Drive,Norfolk,Virginia,23520,24,6,1943
Shell,McAdam,942 3rd Hill,Albany,New York,12242,20,4,1950
Pernell,McAlester,99 Sachs Terrace,Columbus,Georgia,31998,19,8,1927
Garrik,Northgraves,18 Waywood Pass,Lansing,Michigan,48930,2,5,1903
August,Austing,67 Anderson Point,Cincinnati,Ohio,45208,20,6,1917
Ingunna,O'Grady,20130 Stone Corner Plaza,Milwaukee,Wisconsin,53215,18,12,2007
Abbye,Nower,9006 Sommers Point,Metairie,Louisiana,70033,6,7,1919
Margy,Creamen,786 Sheridan Court,Sioux Falls,South Dakota,57188,12,5,1929
Jonis,Poure,94 Anthes Place,Mesquite,Texas,75185,28,6,1994
Bev,Garraway,06 Brentwood Drive,Irvine,California,92710,20,6,1981
Johann,Simka,304 Sage Point,Silver Spring,Maryland,20918,15,1,1947
Bone,Tunny,1512 Golf Court,Hattiesburg,Mississippi,39404,11,12,1970
Teddy,MacDonell,4 East Parkway,Kansas City,Kansas,66105,27,2,1943
Laughton,Lukasik,6754 Mosinee Pass,Philadelphia,Pennsylvania,19104,6,6,1979
Annabela,Coull,3 Lake View Terrace,Charlotte,North Carolina,28263,4,5,1994
Arley,Elsegood,3 Rusk Plaza,Washington,District of Columbia,20525,2,3,1902
Amerigo,Ritmeier,652 Scott Way,San Bernardino,California,92424,6,8,1938
Annette,Willwood,030 Dixon Road,Saint Petersburg,Florida,33715,8,10,1917
Erika,Caser,95347 Sutherland Road,Houston,Texas,77060,1,6,1962
Afton,Giovanni,0949 Longview Pass,Phoenix,Arizona,85083,16,12,2010
Osbourne,Chittim,82702 Algoma Road,Tallahassee,Florida,32309,27,3,1943
Jeffry,Woolhouse,374 Sycamore Place,Omaha,Nebraska,68197,17,1,1973
Juliann,Kent,2 Kinsman Way,Sacramento,California,94280,17,10,1943
Jolyn,MacCaughey,7 Parkside Place,El Paso,Texas,79977,4,11,1902
Merle,Garrod,20921 Morningstar Trail,Atlanta,Georgia,30343,28,10,1953
Kalli,Isakson,41667 Cottonwood Place,San Antonio,Texas,78296,18,12,1906
Kara-lynn,Turnpenny,20 David Trail,New York City,New York,10029,15,3,1974
Arnold,Bridgnell,82025 Russell Point,Rockford,Illinois,61110,26,10,1997
Ellary,Gouch,86409 Hollow Ridge Terrace,New York City,New York,10060,17,3,1936
Marsiella,Cleverley,6837 Buell Trail,San Jose,California,95173,11,3,1938
Jean,Avarne,52118 Knutson Place,Baltimore,Maryland,21290,25,10,1950
Eugenio,Strevens,5857 Carpenter Plaza,New Orleans,Louisiana,70187,27,10,1995
Blondie,Trayling,72874 Arizona Parkway,Dayton,Ohio,45403,19,10,1918
Layla,Serraillier,83960 Melrose Way,Madison,Wisconsin,53790,1,3,1927
Peter,Holmyard,4120 Killdeer Road,Wichita Falls,Texas,76305,22,3,2013
Kenna,Dubique,9 Arkansas Terrace,Albany,New York,12232,24,3,1941
Arvin,Box,31658 5th Hill,Fort Lauderdale,Florida,33310,17,11,1942
Brok,Hacket,025 Sheridan Crossing,Littleton,Colorado,80126,1,10,1988
Torr,Brunon,9561 Twin Pines Avenue,Pittsburgh,Pennsylvania,15286,7,7,1914
Egbert,Auston,8 Badeau Alley,New Orleans,Louisiana,70149,25,1,1979
Hendrik,Lavigne,83 Heath Way,Terre Haute,Indiana,47812,17,2,1990
Mal,Squibbes,0 Eagan Lane,Cleveland,Ohio,44125,3,7,1947
Averill,Gutsell,2 Eastwood Alley,Omaha,Nebraska,68105,21,8,1937
Axel,Bartolacci,5 Roth Plaza,Boca Raton,Florida,33487,10,4,1913
Sibel,Wraggs,2 Gale Junction,Fort Wayne,Indiana,46857,22,11,1919
Rubie,Vanes,29 Mockingbird Trail,Houston,Texas,77240,4,11,1986
Fredra,Yakushkin,7 Fieldstone Hill,Birmingham,Alabama,35220,9,2,1934
Adelheid,Hilbourne,14346 Sheridan Pass,Eugene,Oregon,97405,14,2,2013
Ad,Mattheissen,3129 Ryan Crossing,Arlington,Virginia,22217,16,7,1913
Aile,Millhouse,048 Erie Avenue,Anchorage,Alaska,99599,4,8,1985
Morgun,McFeat,98927 Monica Crossing,Sioux City,Iowa,51105,17,6,2006
Thorstein,Cruddace,33188 Artisan Point,San Francisco,California,94159,28,3,1980
Reinaldo,Denny,3 Thackeray Park,Tacoma,Washington,98424,3,8,1954
Angelina,Liepins,7218 Hollow Ridge Trail,Santa Ana,California,92705,23,11,2000
Theresina,Titman,15319 8th Circle,Boulder,Colorado,80305,7,4,1983
Gabriele,Wisniowski,21427 Doe Crossing Road,Houston,Texas,77255,15,1,1942
Jolene,Mawman,32812 Forest Plaza,Elizabeth,New Jersey,07208,6,6,1993
Aloysia,Castard,872 Grasskamp Place,Atlanta,Georgia,31196,7,3,2019
Lucine,Arndtsen,96 Huxley Lane,Omaha,Nebraska,68197,23,8,1903
Winne,Cotilard,99 Hagan Way,Richmond,Virginia,23203,27,9,2012
Colas,Bertin,0840 Meadow Vale Trail,Roanoke,Virginia,24029,24,1,1909
Alli,London,3 New Castle Road,Atlanta,Georgia,30343,28,2,1915
Ingmar,Trayes,7 Muir Center,Portland,Oregon,97229,20,3,1996
Carey,Lathwell,5263 Elmside Avenue,Austin,Texas,78769,12,12,1960
Rudyard,Bourrel,02 Rieder Street,Sterling,Virginia,20167,11,1,2003
Deerdre,Ivanchikov,5555 Melrose Avenue,Spring Hill,Florida,34611,14,9,1967
Kearney,Bullcock,44494 Leroy Drive,Fort Lauderdale,Florida,33330,5,7,1998
Torey,Little,9711 Sage Alley,Brooklyn,New York,11225,8,1,1975
Reinaldos,Fourcade,4142 Forest Pass,Dearborn,Michigan,48126,6,2,1904
Tandi,Chessil,272 Elgar Parkway,Denver,Colorado,80255,3,4,1917
Georgy,Lintot,1370 Alpine Place,Washington,District of Columbia,20599,28,3,1921
Perren,Padginton,4070 Hanson Parkway,Orlando,Florida,32813,10,10,1998
Velma,Drewe,5 Ridge Oak Pass,Atlanta,Georgia,30356,20,11,1992
Nikola,Bly,0432 Hollow Ridge Avenue,Miami,Florida,33158,5,8,2014
Lindsey,Broscombe,0 Melby Trail,Akron,Ohio,44321,8,12,1920
Dani,Duferie,8829 Autumn Leaf Terrace,Lehigh Acres,Florida,33972,22,9,2007
Amber,Abel,15612 Sheridan Plaza,Los Angeles,California,90005,9,12,1912
Royce,Edmonds,445 Hovde Way,Alexandria,Virginia,22309,6,9,1951
Dulsea,Tomaszynski,95680 Del Mar Place,Fort Lauderdale,Florida,33320,23,9,1997
Kayne,Bradder,7081 Monument Hill,Cheyenne,Wyoming,82007,25,1,1951
Pippa,Worsam,7218 Bowman Circle,Charlotte,North Carolina,28230,16,2,1904
Base,Le-Good,6764 Summit Parkway,San Jose,California,95133,21,11,1938
Wynnie,Hammatt,77 Troy Court,Little Rock,Arkansas,72222,15,3,2001
Marsha,Casterou,3305 Schiller Alley,Utica,New York,13505,9,2,1921
Tommy,Blackler,59934 International Crossing,San Jose,California,95113,11,6,1901
Madelin,MacQueen,061 Messerschmidt Court,Houston,Texas,77299,28,10,1966
Jillene,Barrus,55 Golf Terrace,Dallas,Texas,75397,15,2,2008
Lauri,Neild,29 Eagan Trail,West Hartford,Connecticut,06127,22,10,1953
Colas,Bruck,4 Monica Street,Los Angeles,California,90010,25,2,1959
Bobbi,Alcide,459 Vera Point,Houston,Texas,77299,18,8,2006
Allx,Seden,21390 Village Green Center,San Diego,California,92191,27,1,1959
Traci,Lindegard,0511 Monterey Junction,Saint Louis,Missouri,63136,23,4,2006
Brewster,Astall,20 Prairieview Parkway,West Palm Beach,Florida,33405,26,5,1942
Cecilia,Putton,3530 Mcbride Road,Brockton,Massachusetts,02405,19,2,1978
Haslett,Hawke,9 Vernon Trail,Birmingham,Alabama,35263,19,4,1941
Sisely,Elleyne,6608 Blackbird Place,Reading,Pennsylvania,19610,11,2,1950
Carlotta,Guinan,6294 Fieldstone Place,Fort Myers,Florida,33913,18,3,1950
Dulcie,Reily,04622 Becker Pass,San Diego,California,92191,19,1,2009
Corrine,Hillan,33910 Fair Oaks Parkway,Charlotte,North Carolina,28272,28,9,1917
Mickie,Brumpton,7272 Charing Cross Drive,Asheville,North Carolina,28815,2,3,1964
Viola,Kendred,3 Michigan Lane,Evansville,Indiana,47737,5,4,1975
Nicolea,MacKain,1 Waywood Park,Norfolk,Virginia,23514,26,6,2004
Portie,Pennycuick,6 Michigan Drive,Hialeah,Florida,33013,3,2,2016
Collette,Thorrington,4 Melby Junction,San Antonio,Texas,78250,20,5,1970
Ugo,Beadnall,81 Bartillon Street,Washington,District of Columbia,56944,18,1,1959
Priscilla,Docksey,846 West Circle,San Francisco,California,94169,3,6,1905
Dilan,Upex,582 Dayton Junction,Atlanta,Georgia,30336,11,12,1956
Granger,Pohlak,42481 Forest Run Lane,Carson City,Nevada,89714,2,10,1956
Margaretha,Raselles,80 Green Ridge Terrace,New Orleans,Louisiana,70116,8,4,2011
Ninnetta,Brissenden,6627 Scott Circle,Dallas,Texas,75310,13,11,1930
Temp,Amery,31 Bunker Hill Junction,Fresno,California,93721,5,11,1953
Lenard,Mulderrig,7496 Cordelia Pass,Savannah,Georgia,31422,18,12,1968
Malissia,Sallis,889 Jackson Court,Saint Louis,Missouri,63167,16,2,1939
Wilt,Sigward,728 Bunting Road,Austin,Texas,78789,17,11,1968
Erastus,Scarasbrick,59734 Straubel Crossing,Minneapolis,Minnesota,55436,21,8,1942
Klarrisa,Dooher,1355 Leroy Drive,Birmingham,Alabama,35225,5,2,2001
Roscoe,Zorro,4 Walton Place,Knoxville,Tennessee,37924,15,7,1955
Aldin,Storrs,0321 Corben Center,Tucson,Arizona,85743,16,3,1937
Letitia,Blayd,9020 Sage Terrace,Washington,District of Columbia,20073,2,6,1913
Anallese,Salasar,5456 Linden Plaza,New York City,New York,10039,21,1,1927
Viva,Rummins,5 Granby Place,Albuquerque,New Mexico,87110,12,10,1990
Kore,Sloane,13 Mendota Avenue,Bronx,New York,10469,6,1,1980
Martainn,Prahm,7 Katie Alley,Austin,Texas,78744,8,9,1991
Lyndsie,Hirsch,092 Sherman Crossing,Phoenix,Arizona,85025,16,10,1993
Berte,Rasper,3 Stone Corner Park,Huntington,West Virginia,25775,12,5,1904
Deonne,Willoughley,724 Thompson Way,Chattanooga,Tennessee,37450,13,10,1936
Elyssa,Nelm,9602 Utah Terrace,Carson City,Nevada,89706,27,4,2011
Lara,Densumbe,907 Corben Center,Atlanta,Georgia,30328,17,11,1920
Ramon,Delacroix,364 Rowland Trail,Akron,Ohio,44305,4,1,1996
Kathrine,Breese,27 Graceland Crossing,Honolulu,Hawaii,96835,9,7,1919
Maurene,Lammas,9116 Ridgeway Point,Boynton Beach,Florida,33436,23,8,1949
Al,Laborde,2866 Karstens Way,El Paso,Texas,88584,11,11,1988
Marc,Shorie,9297 Kinsman Court,Phoenix,Arizona,85005,12,9,1938
Alberta,Ronchetti,49825 Fisk Street,Savannah,Georgia,31410,13,5,1999
Tyne,Filinkov,168 Cordelia Place,Houston,Texas,77025,22,7,1947
Colan,Clohisey,07 Jackson Alley,Minneapolis,Minnesota,55448,19,12,1995
Berne,Byforth,18627 Fuller Crossing,Des Moines,Iowa,50320,21,10,1989
Waylin,Haverty,2 Summit Avenue,Santa Rosa,California,95405,14,6,1971
Hyacinth,Gartsyde,71 Milwaukee Circle,San Antonio,Texas,78215,11,3,1963
Eva,Coldicott,808 Walton Street,Glendale,Arizona,85311,1,8,1935
Diego,Roumier,92 Dawn Street,Pasadena,California,91109,4,7,1900
Lowe,Hymer,0825 Bunker Hill Center,Tacoma,Washington,98405,19,8,1996
Vail,Perin,4 Susan Hill,Billings,Montana,59105,13,9,1905
Judah,Jenno,82788 Declaration Pass,Washington,District of Columbia,20016,17,3,1992
Kayla,Buffy,8720 8th Alley,Akron,Ohio,44329,18,11,1985
Leroy,Brombell,1240 Forest Run Drive,Huntsville,Alabama,35895,17,3,2017
Evanne,Maudsley,53 Dexter Center,Boise,Idaho,83716,19,8,1957
Trenna,Hollidge,400 Killdeer Park,Las Vegas,Nevada,89115,25,4,1921
Kissiah,Wilmut,9341 Dorton Crossing,Denver,Colorado,80217,13,2,2015
Ingrid,Maiden,1 Upham Trail,Tulsa,Oklahoma,74103,15,10,2009
Fabio,Loweth,546 Stephen Hill,Jacksonville,Florida,32209,28,2,2017
Duff,Kiddle,7813 Stuart Point,Tucson,Arizona,85720,21,11,1975
Bevin,Upham,07224 Goodland Circle,Pueblo,Colorado,81005,27,1,1910
Isaac,Bohlsen,45 Texas Road,Fayetteville,North Carolina,28305,3,5,1976
Madelon,Hearle,42 Continental Street,Washington,District of Columbia,20409,17,4,1930
Frederich,Tales,927 Welch Center,San Antonio,Texas,78291,13,1,1900
Maxie,Temblett,44351 Claremont Pass,Newark,New Jersey,07104,9,7,1974
Tiffanie,Calender,5 Service Park,San Antonio,Texas,78230,17,10,1972
Derrick,Brizland,7 Hauk Place,Florence,South Carolina,29505,8,1,1979
Pennie,Charpin,31 Gateway Way,Miami,Florida,33153,24,9,1969
Casey,Le Guin,53 Susan Way,Fort Smith,Arkansas,72905,2,5,1926
Farah,Messier,673 Petterle Place,Kansas City,Missouri,64187,14,4,1936
Tremaine,Geeraert,08 Ludington Drive,Colorado Springs,Colorado,80940,23,3,1945
Jaynell,Ginger,8 Dovetail Plaza,Dallas,Texas,75287,6,12,1945
Jenda,Tolan,2820 Kenwood Road,El Paso,Texas,88525,5,8,2004
Leelah,Camies,062 Badeau Street,White Plains,New York,10606,27,5,1952
Jeddy,Laughlan,721 Kedzie Plaza,Fort Lauderdale,Florida,33320,20,7,1968
Sansone,Carle,2 Summit Court,Dallas,Texas,75358,1,6,1947
Garvy,Spollen,5 Sommers Junction,Colorado Springs,Colorado,80951,26,9,1937
Husain,D'Antuoni,1044 Forster Junction,Memphis,Tennessee,38168,16,8,1931
Blondelle,Aspy,4 Oak Valley Junction,Alexandria,Louisiana,71307,19,3,1921
Chrotoem,Sentinella,2534 Jay Terrace,Madison,Wisconsin,53779,8,9,1998
Arnaldo,Scouller,11519 Roth Terrace,Hattiesburg,Mississippi,39404,18,9,1948
Katuscha,Romagnosi,83795 Crownhardt Trail,Tucson,Arizona,85754,6,1,1971
Krystal,Tarbett,749 Sauthoff Trail,Erie,Pennsylvania,16565,1,4,1913
Cleon,Thornally,85183 Warrior Point,Seattle,Washington,98185,10,6,1978
Locke,Bushen,006 Corry Street,Chicago,Illinois,60624,10,12,1994
Leonelle,Lawlie,42686 Pleasure Road,Bakersfield,California,93305,17,9,1971
Rabbi,Marusyak,566 South Trail,Minneapolis,Minnesota,55446,23,9,1981
Kort,Giacobilio,03 Northfield Circle,Amarillo,Texas,79165,7,2,1999
Issi,Panas,8 Eastlawn Hill,Reston,Virginia,20195,17,12,1946
Rosabelle,Garrand,12 Golden Leaf Way,Fullerton,California,92835,26,1,2010
Gabriela,Edgeworth,70037 Scott Lane,Gadsden,Alabama,35905,6,12,1956
Fancy,Eliff,0693 Vahlen Circle,Indianapolis,Indiana,46239,8,1,1919
Estell,O'Tierney,1165 Johnson Parkway,New Orleans,Louisiana,70149,28,8,1903
Babita,O'Donnelly,45 Barnett Drive,Dallas,Texas,75287,21,11,1986
Geordie,Shingler,746 Lunder Circle,Houston,Texas,77030,23,11,1934
Gates,Kops,26 Brentwood Junction,Lincoln,Nebraska,68583,28,1,1971
Talyah,Jehu,4686 Old Gate Center,El Paso,Texas,79984,11,1,2010
Dukie,Ditty,80258 Bultman Avenue,Charlotte,North Carolina,28215,25,10,1993
Erhard,Marchington,40 Ridge Oak Lane,Wilkes Barre,Pennsylvania,18706,26,4,1993
Zak,Lysaght,28547 Hooker Drive,Melbourne,Florida,32941,8,3,1949
Isak,Pearde,232 Twin Pines Park,Roanoke,Virginia,24009,19,4,1980
Annetta,Foynes,88 Lighthouse Bay Alley,Raleigh,North Carolina,27615,15,3,1911
Kendal,Camelia,130 Glacier Hill Street,Beaumont,Texas,77713,20,10,2013
Colan,McMylor,7533 Hermina Court,Staten Island,New York,10305,2,7,1974
Jonell,Siman,64 Stephen Point,Oklahoma City,Oklahoma,73129,18,11,1999
Cecilio,Luparti,2929 Kim Avenue,Milwaukee,Wisconsin,53205,20,5,1970
Faustine,Descroix,951 Utah Hill,Raleigh,North Carolina,27635,21,7,1970
Ronalda,Dumke,225 Mandrake Place,San Bernardino,California,92415,2,3,2015
Maiga,McGinly,2 Ludington Way,Portsmouth,New Hampshire,03804,27,6,1958
Inessa,Thecham,87276 Main Drive,Portland,Oregon,97296,3,8,1949
Bary,Zamorano,57860 Delaware Crossing,Madison,Wisconsin,53726,14,6,1922
Emmott,Vella,1647 Montana Court,New Haven,Connecticut,06538,6,11,1979
Malia,Falconbridge,282 Mendota Alley,Des Moines,Iowa,50347,11,10,1921
Gilberto,Rampley,3 Manley Pass,Saint Cloud,Minnesota,56398,17,4,1985
Silvester,Demeza,91841 Mosinee Lane,Lafayette,Indiana,47905,10,8,2004
Shoshana,Bussel,7342 Chive Junction,Montgomery,Alabama,36195,13,12,1972
Anna-maria,Dulen,76 Pleasure Park,Phoenix,Arizona,85030,21,9,1965
Gertie,Szymanzyk,4510 Larry Crossing,Stockton,California,95210,24,6,2008
Oralie,Casserley,2913 Roxbury Road,Lake Worth,Florida,33467,27,3,1904
Sheppard,Philbrook,823 Springview Point,Davenport,Iowa,52809,26,7,1977
Ferne,Flay,368 Pond Circle,San Antonio,Texas,78255,3,5,1965
Jaclin,Ison,29 Melody Circle,Boca Raton,Florida,33487,15,7,1982
Wheeler,Arnison,0 Mendota Parkway,Fullerton,California,92835,11,2,1944
Dotti,McPaik,7 Anhalt Way,Maple Plain,Minnesota,55572,23,11,1928
Delly,Durtnel,43 Cordelia Street,Dallas,Texas,75221,24,9,1947
Waly,Tubbles,09870 Gateway Avenue,Lafayette,Louisiana,70593,13,10,1903
Kym,MacKnight,2 Prairie Rose Hill,Phoenix,Arizona,85067,25,9,1995
Bamby,Chrispin,90991 Tomscot Center,Hartford,Connecticut,06140,19,5,2011
Ericka,Harrold,7 Bayside Parkway,New York City,New York,10105,26,11,1997
Stacy,Fuster,9 Gale Place,Sacramento,California,95852,22,12,1941
Talya,Kinglesyd,30044 Sommers Circle,Gainesville,Florida,32627,24,2,1994
Krisha,Knibley,5 Reinke Avenue,Saint Louis,Missouri,63126,10,2,1937
Collen,Duchasteau,58054 Jana Alley,Amarillo,Texas,79118,14,4,1996
Hillard,Skeene,1342 Tony Crossing,Phoenix,Arizona,85010,21,1,1900
Urban,Ducker,34 Village Point,Washington,District of Columbia,20319,20,5,1997
Seka,Tobias,78 Paget Alley,Corpus Christi,Texas,78426,12,8,1983
Hyman,O'Scandall,109 Sunbrook Trail,Newark,Delaware,19725,21,5,1976
Isak,Lusted,15 Westerfield Parkway,New Brunswick,New Jersey,08922,11,10,1901
Kipper,Schuck,5625 Barby Place,El Paso,Texas,79989,27,5,1991
Lilith,Reuble,1 Summit Terrace,Grand Junction,Colorado,81505,3,4,1957
Bernice,Thickpenny,09 Spenser Drive,Hartford,Connecticut,06183,19,8,1956
Elfrida,Spancock,5 Prairie Rose Junction,Springfield,Illinois,62705,19,8,1944
Emmalyn,Spadotto,3066 Ohio Trail,Temple,Texas,76505,16,7,1955
Dane,Gaddas,4 Summit Parkway,Dallas,Texas,75353,7,1,1909
Roseline,Whodcoat,5258 Green Ridge Point,Sacramento,California,95813,15,8,1979
Cecilius,Boig,7940 Lawn Alley,Greensboro,North Carolina,27415,10,10,2008
Evyn,McGeffen,41195 Comanche Way,Fort Lauderdale,Florida,33310,17,12,1900
Maurise,Sikorski,62844 Fairfield Circle,Irvine,California,92619,23,11,1906
Kennedy,Grinvalds,871 Jana Junction,Hagerstown,Maryland,21747,9,11,1963
Patric,Alvarado,981 Almo Pass,San Antonio,Texas,78285,21,2,1968
Hynda,Gostick,7 Tomscot Avenue,North Little Rock,Arkansas,72199,16,6,1980
Kelila,Dawney,7301 Golf Park,Fort Smith,Arkansas,72916,7,10,1948
Kala,Scholler,1 International Point,Portland,Oregon,97255,11,10,1935
Emmalynne,Tremolieres,32 Rockefeller Drive,Des Moines,Iowa,50936,10,8,1974
Halsey,Littefair,93733 Truax Plaza,Arlington,Virginia,22234,10,11,2000
May,Grange,873 Katie Court,Spring Hill,Florida,34611,5,10,1918
Rich,Benard,5 Holy Cross Alley,Salt Lake City,Utah,84120,2,3,2002
Cy,Hoyles,35 Sullivan Drive,El Paso,Texas,88546,2,7,1972
Ferdinande,Dumingos,2 Dorton Lane,Akron,Ohio,44305,7,7,1900
Margaretta,Pinshon,21 Eastlawn Junction,Burbank,California,91520,14,12,1911
Mallory,Fortie,9276 Anhalt Crossing,Chicago,Illinois,60609,22,12,2011
Lonny,Di Dello,0 Express Pass,Denver,Colorado,80228,15,9,1982
Marco,Spillman,9943 Shelley Parkway,Las Vegas,Nevada,89135,15,5,1901
Sutherlan,Tunniclisse,2 Sunfield Court,Peoria,Illinois,61640,5,1,1930
Sebastiano,Rutigliano,4 Miller Way,Spartanburg,South Carolina,29305,19,10,1956
Jessi,Othen,9 Washington Alley,Springfield,Illinois,62705,2,1,1900
Waylan,Ashburne,0 Kropf Plaza,Charlotte,North Carolina,28235,13,1,1989
Cornall,Cristofalo,31837 La Follette Lane,Washington,District of Columbia,20337,20,8,1938
Esther,Stroud,63 Sutherland Circle,Jefferson City,Missouri,65110,7,4,1958
Skip,Klyner,203 Bashford Alley,Oklahoma City,Oklahoma,73104,6,6,1997
Selina,Leguey,63 5th Way,Grand Rapids,Michigan,49505,7,7,1992
Booth,Queyos,2 Carpenter Pass,New York City,New York,10160,25,3,1922
Annaliese,Kahan,4059 Del Mar Circle,Canton,Ohio,44720,23,5,1985
Oneida,Jaqueme,635 Clove Street,Kansas City,Missouri,64187,25,3,2018
Kalinda,Dimitresco,08 Sage Center,Saint Louis,Missouri,63196,10,7,1903
Etta,Paffitt,9 Springs Alley,Newton,Massachusetts,02458,27,4,2003
Gus,Kidney,691 Londonderry Crossing,Fort Lauderdale,Florida,33336,27,6,1911
Sig,Demanche,2154 Melby Pass,Washington,District of Columbia,20503,5,1,1923
Hope,Dundendale,35 Stephen Terrace,Salt Lake City,Utah,84125,25,4,1914
Tamma,Pountney,4500 Lakewood Gardens Drive,Boulder,Colorado,80310,12,8,1939
Karry,Slowan,0 Rutledge Park,Fayetteville,North Carolina,28314,10,1,2003
Kendricks,Bracchi,347 Hooker Drive,Detroit,Michigan,48295,14,9,1945
Jonathon,Robottom,91 Lawn Point,San Antonio,Texas,78291,26,7,1945
Dodi,Allpress,343 Drewry Way,San Jose,California,95113,17,11,1959
Carolin,Royste,2 Schmedeman Crossing,Phoenix,Arizona,85053,24,9,2008
Shirlene,Pickup,37 Russell Terrace,Lafayette,Louisiana,70505,12,1,1937
Christin,Vogel,79 Comanche Junction,Denton,Texas,76205,6,4,1978
Monique,Pimlock,23 Portage Crossing,Petaluma,California,94975,16,7,1953
Magdaia,Ales,92 Miller Plaza,Birmingham,Alabama,35236,23,11,1966
Glennis,Astlatt,72 Reinke Junction,Birmingham,Alabama,35244,1,10,1993
Cicely,Bernaert,03915 Spohn Trail,Columbia,South Carolina,29220,22,8,2014
Fannie,O'Nolan,67 Kedzie Circle,Brooklyn,New York,11241,21,2,1907
Pavla,Pourvoieur,4 Morning Point,Cincinnati,Ohio,45208,14,12,1975
Letty,Dart,73735 Ruskin Junction,Omaha,Nebraska,68117,6,2,1978
Emilie,Delleschi,6236 Calypso Terrace,Reno,Nevada,89595,7,12,1997
Nell,Mulchrone,7 Crescent Oaks Hill,Savannah,Georgia,31410,5,1,1935
Teodoro,Ricoald,28742 Tennyson Trail,Portsmouth,New Hampshire,03804,18,6,2017
Alley,Elverstone,277 Grim Avenue,Charlottesville,Virginia,22908,22,6,1976
Raffarty,Teasdale,19330 Golden Leaf Lane,Jackson,Mississippi,39282,15,9,1963
Danyette,Woodes,19127 Cherokee Terrace,Orlando,Florida,32891,2,2,1968
Ibby,Gotmann,4 Forest Dale Trail,San Antonio,Texas,78240,7,5,1946
Irvine,Iredell,736 Erie Crossing,Minneapolis,Minnesota,55446,12,12,2019
Ruthy,Crilley,2 Del Mar Alley,Salt Lake City,Utah,84105,15,4,1976
Corrie,Kaasman,95 Golden Leaf Center,Oakland,California,94627,1,8,1924
Marcy,Meineken,75994 Sutherland Road,Philadelphia,Pennsylvania,19196,25,11,1971
Daniele,Matusson,7995 Dapin Hill,Nashville,Tennessee,37228,20,11,2013
Maxwell,Lezemere,12 Mccormick Drive,Cincinnati,Ohio,45264,5,8,1994
Hubey,Okker,6578 Barby Plaza,Corpus Christi,Texas,78405,6,9,1916
Merill,Hawsby,247 Del Sol Avenue,Kansas City,Missouri,64125,24,3,1973
Oswald,Easlea,534 Crescent Oaks Pass,Manassas,Virginia,22111,16,4,2018
Shaina,Cranmer,3 Loeprich Street,Sacramento,California,95823,27,6,1954
Hortensia,Jann,5692 Mallard Parkway,West Palm Beach,Florida,33421,3,7,1926
Gaven,Golagley,5212 Troy Street,Colorado Springs,Colorado,80915,2,8,1913
Lynne,Bettington,687 Vahlen Hill,Cincinnati,Ohio,45264,24,5,1927
Judas,Guard,59528 Waywood Trail,Dallas,Texas,75260,7,4,2012
Cordie,Donegan,01 Pierstorff Road,Toledo,Ohio,43615,4,1,2004
Adelice,Clute,2580 Sunbrook Place,Anaheim,California,92805,19,8,1929
Chuck,Timperley,98755 Fieldstone Center,Tampa,Florida,33620,9,7,2015
Kare,Steckings,656 Charing Cross Place,Pinellas Park,Florida,34665,8,4,2006
Aubrey,Hare,610 Waywood Terrace,Sioux Falls,South Dakota,57193,25,2,1949
Helene,Wiltshaw,63 Cambridge Plaza,Birmingham,Alabama,35244,7,1,1965
Jo ann,Diggons,8517 Service Lane,Charlotte,North Carolina,28220,12,10,1908
Sharity,Boch,6481 Hagan Road,Lancaster,California,93584,7,8,2006
Maddy,Sandford,59636 Brentwood Point,Erie,Pennsylvania,16522,22,10,1922
Hunter,Bingle,515 Caliangt Pass,Philadelphia,Pennsylvania,19191,26,2,1931
Chrysa,Stanex,313 Anthes Plaza,Fort Worth,Texas,76178,6,5,1917
Elisa,Foster,85623 Waubesa Parkway,Fayetteville,North Carolina,28305,14,11,1914
Othelia,Goulbourn,7357 Mayfield Center,Norfolk,Virginia,23520,28,7,1920
Elke,Trusler,1 Maywood Parkway,Newark,Delaware,19725,28,4,1967
Catarina,O'Donoghue,81668 Maywood Way,Hialeah,Florida,33018,24,10,1997
Free,Da Costa,47 Parkside Alley,Chicago,Illinois,60657,1,5,1975
Karlie,Molen,8 Sommers Avenue,Kansas City,Missouri,64101,15,8,1994
Hilly,Aguirre,87 Upham Trail,Chicago,Illinois,60686,15,9,1962
Claiborne,Lode,38 Roth Crossing,Louisville,Kentucky,40293,17,3,2004
Rodolphe,Finley,3937 Burning Wood Street,New York City,New York,10175,15,5,1967
Katleen,Munns,5 Garrison Park,Ocala,Florida,34474,18,12,1926
Avivah,Krolik,53077 Grim Court,Memphis,Tennessee,38161,17,1,1924
Mitzi,Easterling,552 Mifflin Avenue,Bronx,New York,10459,2,9,1918
Ferdie,Plumley,94 Sunbrook Place,Philadelphia,Pennsylvania,19120,19,12,1949
Quinn,Ryder,0 Stang Circle,Waterbury,Connecticut,06726,5,2,1957
Culver,Luttgert,9934 Corry Crossing,Houston,Texas,77234,16,7,1996
Chrissie,Hekkert,88 Sloan Place,Fresno,California,93715,5,3,1969
Stanwood,Pingston,4 Anzinger Terrace,Memphis,Tennessee,38143,26,8,1975
Guillermo,Sharphouse,0 Pennsylvania Road,Panama City,Florida,32405,9,12,1909
Doralynne,Soper,37422 Kinsman Street,Bonita Springs,Florida,34135,17,10,1901
Eldredge,Benedicto,6322 Sherman Road,Tulsa,Oklahoma,74156,12,5,1927
Wayne,Matushenko,31 Boyd Alley,Dallas,Texas,75260,7,12,2002
Nollie,Karel,1 Sauthoff Crossing,Houston,Texas,77288,23,11,1975
Jamison,Bartolomeoni,45 Sunbrook Alley,North Little Rock,Arkansas,72199,26,4,2006
Corri,Landells,64717 Gina Center,Dallas,Texas,75342,13,8,1938
Jobi,Bligh,48 Everett Alley,Richmond,Virginia,23225,14,12,1946
Sayres,Bayle,33379 Di Loreto Drive,Knoxville,Tennessee,37924,6,2,1996
Adolf,Rankcom,5670 Forster Crossing,Orlando,Florida,32868,4,5,1975
Fiann,Hussy,15154 Dryden Place,Washington,District of Columbia,20397,18,9,1930
Marjie,Sandlin,4978 Dakota Drive,Pittsburgh,Pennsylvania,15274,4,11,1999
Yasmin,Gawthrop,54226 Texas Alley,Huntington,West Virginia,25775,5,2,1933
Urson,Kitt,9 Lillian Drive,Orlando,Florida,32859,18,8,1978
Jimmie,Joscelyne,49646 Sauthoff Park,Gastonia,North Carolina,28055,17,12,1999
Joey,Worters,59057 Grasskamp Pass,Washington,District of Columbia,20546,4,9,2013
Elayne,McKeefry,668 Weeping Birch Terrace,Roanoke,Virginia,24024,23,12,2019
Fredia,Speak,61 Sunnyside Plaza,New Orleans,Louisiana,70174,7,8,1926
Tessy,Ropkins,81 Express Plaza,Mobile,Alabama,36622,24,5,1961
Neel,Proske,46 Mesta Park,Chicago,Illinois,60674,4,5,1978
Jarvis,Hegg,8 Oakridge Trail,Miami,Florida,33164,28,8,2006
Ealasaid,Bedbury,53 Mariners Cove Road,Fresno,California,93762,14,7,1993
Michail,Sherwin,4 Susan Circle,Las Vegas,Nevada,89150,20,2,1970
Hardy,Gavrielly,28 Eliot Way,Phoenix,Arizona,85020,20,11,1950
Yard,Quirk,75070 Browning Junction,Pasadena,California,91117,12,9,1928
Normie,Keesman,75 Dunning Street,Long Beach,California,90805,15,4,1941
Winifred,Jagiello,03816 Bartillon Plaza,Washington,District of Columbia,20210,17,11,1990
Selene,Jacke,727 Dottie Plaza,Tallahassee,Florida,32309,10,10,1903
Val,Leathers,1712 Holy Cross Pass,Lincoln,Nebraska,68531,28,6,1987
Fields,Toor,36 Mesta Place,San Rafael,California,94913,26,12,1923
Darren,Huke,86586 Charing Cross Drive,Louisville,Kentucky,40210,28,1,2002
Dorthy,Guerola,99 Merrick Crossing,Indianapolis,Indiana,46216,23,7,1977
Candie,Dover,716 Ilene Way,Bonita Springs,Florida,34135,6,4,2016
Kaylil,Margarson,313 Green Ridge Pass,Littleton,Colorado,80126,6,10,1989
Zollie,Nobbs,187 Pepper Wood Drive,Washington,District of Columbia,20557,20,7,1984
Marty,Krysiak,8 Reinke Park,Charleston,West Virginia,25362,9,6,1924
Vassily,Bensusan,18892 Vermont Plaza,Rochester,New York,14683,15,5,1986
Mallissa,Pietrowski,060 Claremont Junction,Waterbury,Connecticut,06721,12,4,1948
Modesty,Shepland,847 Lindbergh Parkway,Toledo,Ohio,43615,11,3,1942
Krishna,Dogg,489 Emmet Trail,Portland,Oregon,97216,2,9,1928
Didi,Martinolli,9 Riverside Point,Chattanooga,Tennessee,37405,8,2,1902
Lark,Scoble,1 Grover Place,Colorado Springs,Colorado,80940,17,12,1989
Cissy,Vasyutkin,1729 Amoth Drive,Harrisburg,Pennsylvania,17105,11,8,1970
Robby,Audley,21815 Cherokee Road,Largo,Florida,34643,24,2,1949
Liliane,Scamadin,5 Granby Trail,New York City,New York,10060,21,2,1996
Elyse,Medlicott,0 Dottie Way,Miami,Florida,33283,20,4,2014
Niels,Bulbeck,99 American Way,New York City,New York,10131,23,5,1991
Catha,Hinckes,85 Maryland Lane,Kansas City,Missouri,64125,8,5,1989
Marybelle,Alleway,7762 Dawn Road,Lake Worth,Florida,33462,8,7,1961
Junina,Amor,393 Schlimgen Center,Norcross,Georgia,30092,12,5,1979
Gilli,Tripony,6011 Summit Center,Chicago,Illinois,60691,12,7,1968
Shanta,Maestrini,63227 East Trail,Lancaster,California,93584,10,10,1936
Cal,Boorn,1514 Erie Avenue,South Bend,Indiana,46620,21,4,1926
Hansiain,Capun,2 Boyd Way,Akron,Ohio,44310,8,1,1992
Romy,Turland,5 Schlimgen Place,New York City,New York,10160,23,5,1963
Garwood,Bosworth,730 Raven Way,Portland,Oregon,97296,8,11,1939
Early,Beatty,75778 Merchant Trail,Tallahassee,Florida,32304,10,9,1921
Barbra,Grzeskowski,65 Golden Leaf Circle,Jacksonville,Florida,32277,28,9,1968
Adler,Eddowis,5940 Logan Street,Los Angeles,California,90101,17,6,1902
Delia,Colecrough,7 Forest Drive,Dallas,Texas,75367,19,4,1914
Valeda,Langtry,6832 Crest Line Road,Atlanta,Georgia,30316,26,7,1933
Bibi,Park,72241 Mockingbird Hill,San Antonio,Texas,78296,14,1,2007
Taite,Fielden,006 Esker Plaza,Fargo,North Dakota,58106,26,7,1916
Averil,Pentlow,447 Hoard Plaza,Syracuse,New York,13210,3,9,2002
Weider,Abarough,89 Hooker Place,Washington,District of Columbia,20220,23,3,1900
Audry,McMarquis,549 Hudson Street,Lincoln,Nebraska,68510,17,8,1901
Shirlee,Ricards,2 Laurel Place,El Paso,Texas,79916,9,8,1923
Ransell,Haffenden,75982 Logan Plaza,Gilbert,Arizona,85297,3,10,1948
Cass,Westmarland,117 Swallow Pass,Honolulu,Hawaii,96820,17,9,1939
Denni,Stillmann,87394 Bashford Parkway,San Bernardino,California,92405,28,11,1942
Marlena,Lemoir,86 Hollow Ridge Circle,Waltham,Massachusetts,02453,16,12,1998
Lori,Killimister,1 Pepper Wood Crossing,Denver,Colorado,80249,4,5,1998
Angie,Leavey,8913 Weeping Birch Hill,Lynn,Massachusetts,01905,5,11,1978
Brew,Hrinchenko,9 Express Place,Delray Beach,Florida,33448,21,12,1935
Kiri,Presdie,7 International Center,Winston Salem,North Carolina,27110,22,9,1992
Denver,Hodgon,89980 Ridgeway Hill,Lubbock,Texas,79415,10,9,1980
Renee,Burgisi,69831 Bartillon Trail,Boise,Idaho,83727,24,12,1982
Bianka,Reskelly,7 Maple Wood Court,Apache Junction,Arizona,85219,28,1,1979
Annice,Sanbroke,24 Village Green Hill,Springfield,Massachusetts,01114,18,1,1918
Herbie,Selman,02587 Pine View Lane,Santa Barbara,California,93111,8,2,1999
Mozes,Hick,38898 Milwaukee Alley,Cincinnati,Ohio,45238,19,10,1903
Gayel,Radsdale,3 Schmedeman Junction,Crawfordsville,Indiana,47937,6,9,1998
Hannah,Dax,26142 Anhalt Road,Bridgeport,Connecticut,06606,26,10,1935
Clywd,Duncombe,86018 Moulton Street,Houston,Texas,77299,17,12,1981
Livia,Wittier,909 Kipling Place,Naples,Florida,34114,21,6,1995
Daren,Featenby,9798 Esker Trail,Paterson,New Jersey,07544,17,4,1910
Aliza,Pulteneye,00 Becker Park,Fresno,California,93726,19,3,1918
Hortense,Cawdron,91278 Novick Plaza,Jacksonville,Florida,32204,14,7,2007
Garrot,Swaisland,67733 Comanche Avenue,Omaha,Nebraska,68117,21,3,1961
Emera,Benger,417 6th Junction,Fort Wayne,Indiana,46857,15,6,1901
Hamid,Handford,71480 Summit Center,Fort Lauderdale,Florida,33320,26,12,2012
Marcie,Edler,67 Garrison Road,Denver,Colorado,80243,7,7,1928
Walliw,Elderkin,4 Comanche Terrace,San Luis Obispo,California,93407,13,8,1943
Libby,Kobpa,19917 Texas Trail,Roanoke,Virginia,24004,22,2,1996
Eolanda,Luttger,6725 Old Gate Point,Lake Worth,Florida,33467,6,6,1982
Pren,Uzzell,489 Nova Plaza,Augusta,Georgia,30905,10,7,1958
Gay,Dwire,42527 Vidon Avenue,Tucson,Arizona,85720,5,10,2014
Inessa,Easum,0227 Union Point,Atlanta,Georgia,30358,6,3,1909
Walt,Greschke,06939 Brentwood Alley,Lees Summit,Missouri,64082,4,6,1977
Mata,Portis,9 Kim Place,Las Vegas,Nevada,89105,3,1,1928
Gamaliel,Greenfield,573 Fair Oaks Street,Saint Louis,Missouri,63196,4,4,1993
Owen,Collerd,393 Leroy Avenue,Bakersfield,California,93381,27,11,1967
Magdalen,Busk,8376 Jackson Parkway,El Paso,Texas,79984,6,6,1954
Georgeanne,Burberry,3411 Eggendart Crossing,Philadelphia,Pennsylvania,19109,10,8,1975
Freeman,Jost,2 Erie Crossing,Richmond,Virginia,23289,24,8,1935
Phillida,Branno,472 Crowley Pass,Virginia Beach,Virginia,23454,19,9,1974
Chrystel,Thay,2 Union Avenue,Santa Monica,California,90410,28,6,1994
Adah,Awin,5329 Corry Point,Round Rock,Texas,78682,15,9,1922
Darius,Loutheane,321 Nobel Crossing,Chicago,Illinois,60681,11,10,1955
Dimitry,Rama,0 Eggendart Parkway,Arlington,Virginia,22212,17,5,1929
Hunt,Avann,606 Vernon Circle,Washington,District of Columbia,20380,3,9,1927
Giacinta,Bome,8 High Crossing Street,Birmingham,Alabama,35295,1,8,1927
Wilt,Toseland,9867 Lake View Hill,Modesto,California,95354,16,10,1951
Jordan,Sparway,300 Sutherland Terrace,Tulsa,Oklahoma,74116,27,2,1944
Anabal,Summerside,10584 Sauthoff Pass,Memphis,Tennessee,38109,23,10,2012
Gui,Iowarch,03581 Hanson Trail,Washington,District of Columbia,20210,3,5,1950
Bourke,Ruppert,771 Swallow Circle,Huntsville,Alabama,35805,5,7,2018
Sean,Wallach,7904 Ramsey Junction,Lansing,Michigan,48901,6,9,1945
Berte,Gillmor,7455 Oxford Alley,Hot Springs National Park,Arkansas,71914,14,11,1976
Clevie,Spurgin,502 Swallow Parkway,Port Saint Lucie,Florida,34985,21,8,1917
Sim,Fane,349 Pawling Avenue,Spring,Texas,77386,27,4,2010
Denys,Parkhouse,852 Sullivan Pass,Las Vegas,Nevada,89130,1,8,1952
Gregg,Dilke,4065 Bunting Terrace,Tampa,Florida,33605,21,6,1905
Douglass,Jonah,3 Heffernan Plaza,Lynchburg,Virginia,24515,6,4,1985
Issi,Ethington,8484 Bunker Hill Alley,Dallas,Texas,75265,1,12,1901
Jewel,Lodge,941 Tony Road,Boston,Massachusetts,02109,8,3,2004
Naoma,Scolding,64712 Knutson Drive,Lakewood,Washington,98498,19,3,1995
Garrard,Bauduin,53067 Maple Avenue,Phoenix,Arizona,85035,28,5,2004
Johan,Abrahami,3971 Park Meadow Lane,Lubbock,Texas,79491,14,7,1919
Clevie,Dimitrov,7 Eagle Crest Drive,Englewood,Colorado,80150,22,7,2019
Bennie,Abells,85248 Buena Vista Center,Columbus,Ohio,43220,9,9,1990
Mendy,Dumbare,9323 Kings Hill,Aurora,Illinois,60505,13,6,1969
Dottie,Mattusevich,4 Laurel Street,Albuquerque,New Mexico,87140,2,2,1944
Kort,Lisett,7551 Esker Plaza,Lawrenceville,Georgia,30045,22,6,1911
Spenser,Kornyshev,30985 East Trail,Roanoke,Virginia,24009,26,1,1966
Alissa,Cotterell,2 Oak Valley Way,Charlottesville,Virginia,22903,25,1,1901
Haze,Luckings,6736 Buena Vista Point,Lima,Ohio,45807,20,7,1950
Hanson,Siggs,5 Birchwood Lane,Shreveport,Louisiana,71105,7,7,1946
Worthington,Litster,7 Blaine Center,Panama City,Florida,32412,2,3,1965
Eziechiele,Howat,8 Alpine Court,Charlotte,North Carolina,28235,27,3,1901
Lanie,Attenbrough,0 Fair Oaks Circle,Monroe,Louisiana,71213,16,9,1952
Sheela,Walduck,43 Mandrake Junction,Houston,Texas,77075,19,8,1912
Cosette,Reston,46 Fieldstone Court,Detroit,Michigan,48217,15,2,1908
Mahala,Robyns,3 Michigan Park,New York City,New York,10275,18,8,1977
Tiff,Castaneda,100 Waubesa Center,Minneapolis,Minnesota,55428,24,12,1978
Winny,Nehl,3 Londonderry Crossing,Miami,Florida,33164,21,12,1956
Sonnie,Gerbi,03 Morning Parkway,Anchorage,Alaska,99522,13,6,1936
Phil,Kunzelmann,69 Maryland Crossing,Fort Lauderdale,Florida,33305,10,8,1948
Luca,Gier,11848 Judy Way,Omaha,Nebraska,68117,21,3,1940
Thebault,Melby,81074 Vermont Place,Fort Pierce,Florida,34981,23,1,2012
Lou,Tackell,79 Sheridan Park,Aurora,Illinois,60505,3,1,1940
Amelia,Halfhide,773 Crest Line Trail,Reno,Nevada,89510,21,2,2004
Arliene,Eschelle,8 Merchant Trail,Tampa,Florida,33686,28,11,1986
Bartram,Geale,33396 Atwood Road,Jacksonville,Florida,32215,14,7,2010
Sonnie,Duxbarry,7 Sutherland Drive,Anderson,South Carolina,29625,5,7,1964
Ardelis,Freemantle,56063 Dorton Terrace,Houston,Texas,77218,28,11,2007
Heall,Iredell,9 School Alley,San Diego,California,92110,24,4,1960
Shae,Willoughway,1564 American Ash Place,Fort Worth,Texas,76162,19,12,2008
Carver,Garlic,9770 Cottonwood Parkway,Denver,Colorado,80291,9,6,1989
Tamarah,Sudell,66 Banding Junction,Albuquerque,New Mexico,87140,6,11,2003
Chanda,Scowen,07 Johnson Street,Columbia,South Carolina,29215,8,6,1903
Ashla,Tripon,121 Havey Center,Seattle,Washington,98158,21,6,1946
Carmelita,Willock,901 Hagan Parkway,Shreveport,Louisiana,71161,22,2,1990
Tome,Gillham,536 North Court,Baltimore,Maryland,21229,18,5,1969
Lura,Gard,2 Elgar Plaza,Philadelphia,Pennsylvania,19146,5,9,1936
Georgeanna,Neylon,85 Merrick Pass,San Francisco,California,94159,27,8,1958
Carolus,Micallef,70444 Twin Pines Court,Chicago,Illinois,60691,21,6,2018
Bayard,Simpkin,00285 Hagan Court,Riverside,California,92513,14,4,2006
Amandi,Calladine,9568 Birchwood Plaza,Milwaukee,Wisconsin,53215,5,4,1951
Palm,Menear,8411 Eastwood Court,Elmira,New York,14905,8,11,1965
Therese,Ashbolt,65783 Aberg Circle,Northridge,California,91328,2,1,2011
Aubrie,Halpen,7648 Evergreen Junction,Shawnee Mission,Kansas,66220,10,3,1964
Shem,Blowen,6586 David Lane,Tampa,Florida,33680,21,12,1915
Ewan,Bernardo,51754 Roth Circle,Wichita,Kansas,67215,21,9,2011
Jenilee,Paur,0138 Scott Junction,Chesapeake,Virginia,23324,6,11,1924
Jocelyne,Shimmings,3 Bobwhite Road,Memphis,Tennessee,38119,5,4,1925
Jodi,Athowe,70 2nd Hill,Brea,California,92822,18,9,1906
Moira,Dincke,02 Doe Crossing Alley,Panama City,Florida,32405,11,7,2009
Jimmie,Ricker,8 Veith Avenue,San Antonio,Texas,78235,23,9,1971
Nathalie,Ingley,2 Vidon Center,Washington,District of Columbia,20430,22,1,1952
Lynnet,Murrow,587 John Wall Circle,Jackson,Tennessee,38308,24,12,1911
Muriel,Coundley,15820 Mallard Hill,Orange,California,92867,28,5,1974
Bernelle,Scotchforth,7 Hansons Court,Dallas,Texas,75387,14,7,1923
Blayne,Scard,79 Kedzie Terrace,Wichita,Kansas,67220,8,10,1910
Lucila,Peaple,23841 Hintze Street,Fresno,California,93715,15,9,1996
Lin,Chaucer,81 Chive Parkway,Colorado Springs,Colorado,80910,22,10,1922
Marne,De Simoni,308 Arrowood Parkway,Stamford,Connecticut,06905,14,10,1925
Geno,How,21060 Mallard Way,Bridgeport,Connecticut,06673,1,7,1904
Adena,Hun,5 American Court,Birmingham,Alabama,35279,1,5,1926
Bertrando,Chatband,73 Gulseth Road,Punta Gorda,Florida,33982,26,5,1934
Jacquelyn,Imort,32572 Waywood Court,Anniston,Alabama,36205,11,12,1902
Gusti,Kirkup,968 Bayside Park,Detroit,Michigan,48217,14,10,1945
My,Playden,8674 Ryan Avenue,Charlotte,North Carolina,28247,18,9,1949
Aluin,Churcher,2 Waubesa Point,Tallahassee,Florida,32399,27,10,1953
Sinclare,Poel,60889 Glacier Hill Road,Waterbury,Connecticut,06705,8,10,1998
Andy,Southeran,4183 Sunfield Alley,Greensboro,North Carolina,27409,8,12,1914
Lane,Ellsom,46827 Springview Way,Miami,Florida,33283,21,9,1925
Adelaide,Cardno,97682 Barnett Junction,Phoenix,Arizona,85040,1,1,1904
Sauveur,Langland,90 Basil Center,Huntsville,Alabama,35810,18,3,1938
Ber,Bigland,1 Comanche Circle,Fairbanks,Alaska,99790,20,9,1902
Suzanne,Lerven,99 Warner Park,Elizabeth,New Jersey,07208,19,2,1923
Jourdain,Jatczak,4 Tomscot Court,Boise,Idaho,83757,7,12,1947
Adora,Dobbin,89 Hayes Lane,El Paso,Texas,79940,4,9,1978
Chicky,Severwright,9319 Emmet Way,Santa Clara,California,95054,17,11,1954
Kissee,Strute,245 Katie Drive,Galveston,Texas,77554,14,9,1950
Theresita,Dymoke,41281 Cordelia Lane,Savannah,Georgia,31410,24,12,1921
Reba,Chastelain,19155 Mendota Avenue,Saint Louis,Missouri,63126,17,6,1919
Gorden,Heggison,211 Jenifer Avenue,Loretto,Minnesota,55598,17,6,1929
Johannah,Coope,7 Cascade Drive,Pompano Beach,Florida,33064,2,10,1925
Marie-ann,Tonn,3 Gulseth Parkway,Metairie,Louisiana,70005,1,4,2012
Frayda,Ascroft,4 Lakeland Center,San Mateo,California,94405,20,8,1917
Ulric,Lambis,5 Ramsey Lane,Colorado Springs,Colorado,80915,20,4,2004
Wandie,Gannan,5213 Warner Lane,Fresno,California,93726,20,6,1923
Den,Woodyatt,36 Troy Plaza,Topeka,Kansas,66629,17,11,2014
Justinian,Scholte,7143 Melody Court,San Diego,California,92137,6,9,1998
Demott,Lomond,22 Tennessee Road,Trenton,New Jersey,08638,11,11,1981
Verile,Galbraith,6 Mockingbird Park,Colorado Springs,Colorado,80915,22,7,1965
Hagen,Spruce,5410 Loeprich Lane,Independence,Missouri,64054,6,9,1994
Georges,Pennone,57 Scoville Park,New Orleans,Louisiana,70124,15,6,2018
Rolph,Verriour,60884 Washington Avenue,Salt Lake City,Utah,84135,21,6,1915
Ebeneser,Potkin,4 Orin Alley,Austin,Texas,78754,6,10,1939
Ernaline,Tremblet,07678 Gale Way,Tulsa,Oklahoma,74193,25,1,1987
Berny,Lauchlan,87483 Redwing Lane,Bakersfield,California,93311,18,11,1998
Faunie,Everingham,781 Ronald Regan Way,Atlanta,Georgia,30380,14,1,2001
Jobi,Pendrigh,7470 Banding Terrace,Terre Haute,Indiana,47805,1,1,1944
Pietro,Gooden,198 Nancy Alley,Charlotte,North Carolina,28299,6,11,2013
Pia,Storrie,72 Thompson Trail,Peoria,Illinois,61635,26,2,1970
Federica,Towriss,33 Spohn Crossing,Jamaica,New York,11480,9,10,1966
Garry,Mews,171 Shasta Terrace,Arlington,Virginia,22244,24,12,1909
Lira,McCallum,76 Vera Way,Seminole,Florida,34642,14,1,1984
Ingemar,Espin,42 Trailsway Road,Shreveport,Louisiana,71115,23,10,1986
Alasdair,Wandtke,72 Kropf Road,Anchorage,Alaska,99512,19,5,2010
Morissa,Wallhead,96 Fairview Place,Bradenton,Florida,34205,22,8,1954
Rex,Meldrum,2 Annamark Trail,Staten Island,New York,10310,13,7,1982
Timothy,McGovern,190 Corben Hill,Saint Louis,Missouri,63158,6,6,1954
Timothee,Illing,2 Granby Road,Houston,Texas,77240,24,10,2014
Trixie,Lapree,5524 Londonderry Street,Seattle,Washington,98127,18,12,1979
Nancey,Thornham,6 Troy Center,San Jose,California,95155,25,8,1925
Lefty,Clemintoni,7 Calypso Junction,Los Angeles,California,90015,1,11,2012
Norah,Velden,54 Rieder Place,Denver,Colorado,80255,9,7,2004
Verene,Doughton,75839 Claremont Road,Honolulu,Hawaii,96810,26,1,2011
Rozamond,Aspin,04 Cordelia Park,Pittsburgh,Pennsylvania,15235,2,9,1951
Annabal,Lambrick,171 Stoughton Park,Norwalk,Connecticut,06854,24,12,1914
Aubry,Van Velden,92 Independence Lane,Long Beach,California,90810,19,8,1995
Otto,Frushard,256 Randy Road,New Haven,Connecticut,06520,20,4,2001
Deanna,Horsburgh,09 Towne Pass,Waltham,Massachusetts,02453,11,10,1935
Nicolette,Farncombe,18306 Gateway Parkway,Dallas,Texas,75221,28,1,1900
Morgana,Enriques,507 Schlimgen Park,Mobile,Alabama,36622,24,4,1962
Ardyth,Harriss,63957 Hollow Ridge Hill,Yakima,Washington,98907,5,7,1983
Eduardo,Ligertwood,663 Northfield Lane,Pensacola,Florida,32590,19,6,2004
Joye,Boyes,1 Troy Terrace,Mobile,Alabama,36689,8,11,1930
Dorri,Gilliam,871 Spenser Circle,Baltimore,Maryland,21239,1,7,1956
Lorry,Howels,21607 Carpenter Parkway,Boca Raton,Florida,33432,18,9,1911
Benedetto,Bellie,828 Dunning Way,Vancouver,Washington,98687,17,3,1913
Glenn,Fruen,6606 Corry Street,Albuquerque,New Mexico,87195,9,1,2006
Christophe,McTaggart,82407 Bonner Circle,Richmond,Virginia,23285,25,1,1953
Jillie,Mandell,65709 Valley Edge Circle,Milwaukee,Wisconsin,53277,2,5,1936
Florrie,Rozzell,4409 Old Gate Circle,Charlotte,North Carolina,28235,21,4,1985
Roscoe,Drinkall,0598 Tomscot Way,Los Angeles,California,90087,18,6,1923
Rodd,Breslin,72013 Mandrake Place,Midland,Texas,79710,2,2,1905
Farah,Really,024 Carberry Lane,Inglewood,California,90305,9,4,1999
Kennie,Mathis,0 Dawn Plaza,Rockford,Illinois,61110,28,7,2005
Bar,Brandoni,0 Manitowish Lane,Seattle,Washington,98195,20,3,1992
Korella,Furlow,95 Mosinee Road,Birmingham,Alabama,35231,17,2,1951
Nikkie,Yukhnin,26 Riverside Terrace,Naples,Florida,34108,5,12,1986
Chic,Sheehy,967 Holmberg Terrace,Rochester,New York,14683,3,6,1912
Garth,Cicci,276 Corscot Road,Gainesville,Florida,32605,28,2,1945
Jourdan,Theaker,3 Shopko Trail,Amarillo,Texas,79116,9,10,2014
Mariette,Franciskiewicz,064 Quincy Drive,Anaheim,California,92805,15,10,1944
Fonz,Elphinstone,53 Weeping Birch Pass,Cincinnati,Ohio,45264,12,6,1997
Fulvia,Mennear,96 Walton Trail,El Paso,Texas,88589,17,10,1918
Drusy,Hampe,5931 Hoffman Avenue,Alexandria,Virginia,22309,1,4,1929
Berk,Baum,420 Kedzie Junction,Spring Hill,Florida,34611,6,11,1962
Jorgan,Growcock,6789 Graedel Way,Miami,Florida,33175,8,7,1994
Margi,O'Farrell,6501 Thackeray Place,Philadelphia,Pennsylvania,19136,15,9,1953
Marcia,Portsmouth,664 Moulton Trail,Stockton,California,95210,13,12,1960
Nani,Hansley,9006 1st Street,Augusta,Georgia,30905,27,8,1974
Gina,Bartali,98 Huxley Avenue,Gainesville,Georgia,30506,10,8,1945
Josias,Penson,66841 Forster Trail,Tacoma,Washington,98447,17,4,1921
Gennie,Cuardall,75225 Straubel Drive,Dallas,Texas,75231,25,5,1972
Reiko,Gambie,612 Hagan Center,Bradenton,Florida,34205,16,7,2006
Gillan,Jordan,49398 Pennsylvania Parkway,Shawnee Mission,Kansas,66210,4,7,1924
Allissa,Boord,0235 Gateway Drive,Lincoln,Nebraska,68510,4,10,1927
Stirling,Byng,8 Ruskin Point,New York City,New York,10165,7,9,1966
Constanta,Nyssen,838 Twin Pines Court,Peoria,Illinois,61651,5,11,1971
Ki,Verity,7714 Blaine Pass,San Antonio,Texas,78225,16,2,2000
Sylas,De Cleyne,15 Columbus Trail,Fort Worth,Texas,76121,19,9,1911
Tandie,Ramsey,1436 Lakewood Drive,Saint Paul,Minnesota,55127,26,10,1978
Anna,Beany,7 Briar Crest Plaza,Levittown,Pennsylvania,19058,7,4,1985
Bridgette,Embling,2 Judy Drive,Santa Barbara,California,93150,16,2,1979
Conroy,Courtes,55 Summerview Place,Washington,District of Columbia,20073,17,7,2019
Danyelle,Widdowes,00 Fordem Street,Indianapolis,Indiana,46247,5,3,2008
Winston,Copcott,832 Grayhawk Plaza,Columbus,Ohio,43231,5,3,1958
Eleni,Gribbin,70 Derek Center,Washington,District of Columbia,20591,15,5,1996
Philip,Poulett,7 Vernon Crossing,Washington,District of Columbia,20591,27,6,2010
Barbee,Strettle,11 Kedzie Crossing,Bloomington,Illinois,61709,15,6,2006
Terrance,Hugues,90455 Pankratz Place,Hayward,California,94544,15,7,1934
Viviyan,Sarjant,415 Meadow Valley Terrace,Houston,Texas,77240,17,12,1974
Karleen,Tradewell,35 Old Shore Trail,Orlando,Florida,32819,16,10,1965
Odilia,Primak,046 Basil Road,Louisville,Kentucky,40266,25,11,1938
Waylan,Dobsons,164 Express Parkway,Washington,District of Columbia,20051,11,4,1989
Dewie,Rhule,4344 Miller Park,Worcester,Massachusetts,01610,16,6,1938
Dare,Cridland,533 Brentwood Street,Sacramento,California,95823,21,5,1948
Caressa,Etchells,05 Dapin Avenue,Memphis,Tennessee,38143,24,3,2006
Annnora,Clemencet,0865 Blaine Point,Fayetteville,North Carolina,28305,25,5,1938
Cash,Tracey,50137 Upham Pass,Dallas,Texas,75210,6,4,1974
Ralph,Benthall,7750 Florence Lane,North Little Rock,Arkansas,72118,1,10,2008
Andrus,Spir,05990 Pearson Avenue,Dayton,Ohio,45454,16,9,1919
Tammy,Vispo,97 Melody Center,Port Washington,New York,11054,20,7,1986
Alica,Nairne,07 Rockefeller Court,Miami,Florida,33233,13,4,2004
Pammie,Kief,328 Jenna Parkway,Nashville,Tennessee,37205,25,11,1961
Elisa,Hedderly,1877 Mosinee Crossing,Pittsburgh,Pennsylvania,15220,9,1,2016
Mikol,Gledhall,12 Evergreen Road,Denton,Texas,76205,20,12,1990
Katie,Blayney,5308 Birchwood Park,Trenton,New Jersey,08603,26,10,1958
Noella,Roddick,454 Warner Alley,Sacramento,California,95838,4,12,1980
Olly,Condliffe,14850 Continental Lane,Cincinnati,Ohio,45238,5,8,1914
Jennine,Snepp,0092 Buhler Junction,North Little Rock,Arkansas,72199,27,3,1977
Martha,Skeath,51610 5th Place,Indianapolis,Indiana,46247,6,11,1969
Urson,Hakey,2820 Spaight Way,Alpharetta,Georgia,30022,27,2,1905
Leese,Nusche,1 Derek Point,Oakland,California,94660,8,12,1997
Melodie,Landsborough,1 Tennyson Crossing,Duluth,Georgia,30096,16,8,2000
Sonja,Burtwell,74674 Buhler Circle,Chesapeake,Virginia,23324,17,11,1920
Clemmy,Cousans,82 Dapin Alley,South Bend,Indiana,46699,18,9,2013
Martguerita,Gowan,470 Fair Oaks Plaza,Erie,Pennsylvania,16522,18,9,1989
Mahalia,Soggee,38 Starling Lane,Columbus,Ohio,43240,12,8,2001
Aloysia,Veare,73654 Waubesa Place,Chula Vista,California,91913,27,9,2008
Arch,Ricardin,416 Clyde Gallagher Place,San Diego,California,92137,13,12,1935
Renaldo,Manuel,05057 Miller Drive,El Paso,Texas,88589,18,12,2013
Tye,Meers,73 Novick Park,San Jose,California,95160,9,12,1911
Sabrina,Horbath,65803 Pennsylvania Terrace,Oklahoma City,Oklahoma,73157,21,7,2009
Thadeus,Chrishop,686 Alpine Trail,Tacoma,Washington,98405,19,10,1931
Sholom,Brikner,06910 Hoffman Road,Brooklyn,New York,11210,14,11,1913
Cloris,Anglin,738 Sunfield Lane,San Antonio,Texas,78235,10,9,1970
Innis,Leary,95530 Kennedy Center,Virginia Beach,Virginia,23464,21,4,1903
Kathi,Agron,253 Clyde Gallagher Court,Washington,District of Columbia,20503,26,3,2010
Pen,Pardy,4 Bowman Junction,Atlanta,Georgia,30336,25,3,1979
Vivia,Smissen,7251 Messerschmidt Plaza,Fresno,California,93721,3,7,2001
Aron,Bromage,330 Shasta Drive,Hampton,Virginia,23663,9,8,1911
Lucretia,Stenhouse,7684 Garrison Trail,Winston Salem,North Carolina,27105,21,10,1901
Mordecai,Credland,07 Redwing Plaza,Denver,Colorado,80279,22,12,1905
Truda,Raeburn,562 Forest Hill,Wichita,Kansas,67220,11,10,1912
Elvin,Durtnel,19404 Michigan Place,Sacramento,California,94245,16,10,2001
Collie,Van Der Weedenburg,56710 Ridgeview Avenue,San Antonio,Texas,78240,7,1,1980
Fonzie,Enos,73460 Jana Place,San Diego,California,92186,24,7,2014
Lenci,Letchmore,20 Pine View Plaza,Shreveport,Louisiana,71166,14,11,1910
Leslie,Wellfare,76 Emmet Crossing,Davenport,Iowa,52804,13,3,1923
Juli,Filasov,332 Hovde Court,Lakewood,Washington,98498,14,10,1913
Gracia,Gorrissen,5 Bashford Place,Houston,Texas,77055,20,8,1982
Lizzie,Titterell,471 Prentice Pass,Riverside,California,92505,20,8,1905
Sacha,Backe,9348 Dakota Pass,Lancaster,California,93584,28,8,2019
Kassandra,Cicchetto,77 Chive Parkway,Columbia,South Carolina,29208,28,5,1945
Dynah,Falcus,434 Surrey Plaza,Houston,Texas,77080,6,12,1986
Franciska,Jans,0925 Linden Drive,New Haven,Connecticut,06505,12,9,2001
Orlando,Heed,38 Gina Point,Brooklyn,New York,11241,10,12,2004
Hector,Killen,450 Elmside Point,Fort Worth,Texas,76129,12,4,1921
Jethro,Thieme,8584 Arapahoe Place,Scranton,Pennsylvania,18505,8,3,1994
See,Lax,9 Larry Plaza,Elizabeth,New Jersey,07208,22,7,1900
Brenden,Denerley,184 Clarendon Plaza,Los Angeles,California,90035,18,1,1951
Aubrey,Maxstead,606 Swallow Hill,Dallas,Texas,75236,9,8,1910
Reinhold,Ivankovic,483 Laurel Alley,Los Angeles,California,90020,25,1,1925
Gardy,Aylesbury,38 Sommers Lane,El Paso,Texas,88519,14,1,1916
Joya,Meric,31 Lakeland Center,Shawnee Mission,Kansas,66276,5,10,1938
Claudina,Kienle,59580 Muir Point,Los Angeles,California,90045,4,1,2003
Estell,Worviell,51 Jay Trail,Greensboro,North Carolina,27425,13,2,1916
Cristine,Woolger,3 Division Parkway,Vero Beach,Florida,32964,6,8,2009
Robinetta,Kruschov,30 Brickson Park Avenue,Anaheim,California,92812,3,5,2005
Lise,Tripney,0 Browning Alley,Chattanooga,Tennessee,37450,6,12,1989
Kleon,Ing,745 David Road,Brooklyn,New York,11225,14,1,1944
Anatola,Masterman,00 Lindbergh Court,Irvine,California,92612,14,8,2013
Teodoor,Kimm,91708 Spenser Park,Jacksonville,Florida,32255,27,7,1923
Roslyn,Kilmurray,949 Starling Hill,Canton,Ohio,44710,22,5,1970
Lawton,Overstone,4 Brown Junction,Detroit,Michigan,48242,19,2,1951
Abbey,Giovannardi,5127 Fordem Lane,Cincinnati,Ohio,45249,26,7,1968
Hewie,Soggee,09 Mcbride Hill,Washington,District of Columbia,20260,27,12,1945
Hurley,Jolin,00145 Banding Trail,Corpus Christi,Texas,78415,15,11,1992
Susan,Hanscom,2450 Lotheville Junction,Johnson City,Tennessee,37605,7,5,1932
Collie,Tireman,05606 Lake View Alley,Milwaukee,Wisconsin,53263,19,9,1975
Vin,Crinkley,58 Oxford Plaza,Lees Summit,Missouri,64082,5,4,1917
Garvey,Gladdor,2 Laurel Crossing,Houston,Texas,77040,17,2,1907
Essy,Longcaster,2705 Waywood Avenue,Irving,Texas,75062,23,2,1976
Renell,Petticrew,37 Barnett Avenue,New York City,New York,10034,1,3,1991
Kenn,Hannibal,95 East Circle,Spokane,Washington,99252,21,6,2010
Neila,Andrivot,8590 Karstens Place,Phoenix,Arizona,85067,13,12,1913
Doti,McNysche,58 2nd Avenue,Wichita,Kansas,67260,2,1,1982
Nataniel,Youson,5129 Raven Avenue,Oakland,California,94616,10,3,1970
Krisha,Glendzer,0274 Eliot Point,New Orleans,Louisiana,70149,15,7,1972
Laina,Scrancher,08398 Dexter Alley,Raleigh,North Carolina,27658,26,12,1921
Tersina,Dakin,312 Sugar Point,Philadelphia,Pennsylvania,19136,19,4,1917
Royal,De Normanville,952 Lien Alley,Burbank,California,91520,11,1,1935
Tamiko,Dreghorn,9 Manley Parkway,San Diego,California,92115,12,7,1918
Morty,Seagood,18470 Manitowish Trail,Bakersfield,California,93399,11,6,1983
Mavra,Crayk,0825 International Pass,El Paso,Texas,79916,18,10,1982
Susanetta,Caughte,0 Sycamore Plaza,Memphis,Tennessee,38168,9,11,1955
Nikoletta,Ledingham,6 Truax Junction,Dayton,Ohio,45408,22,1,1959
Nicola,Gration,54 Paget Circle,Hartford,Connecticut,06105,25,10,2001
Barney,Middup,49377 Farwell Plaza,Charleston,West Virginia,25326,25,5,1921
Catriona,Bedle,0259 Mesta Park,Sacramento,California,95852,25,5,1968
Skippy,Penkethman,00 Shoshone Center,Hollywood,Florida,33028,1,9,1921
Malissa,Rozier,66 3rd Center,Tulsa,Oklahoma,74141,23,9,1982
Benito,Antoniazzi,430 West Parkway,Bronx,New York,10459,19,12,1904
Any,Muriel,03 Continental Circle,Orange,California,92867,9,7,1951
Gillan,Landsman,3 Welch Park,Pompano Beach,Florida,33064,21,5,1922
Buddy,Garret,538 Shasta Pass,Wilkes Barre,Pennsylvania,18763,27,10,1981
Ingmar,Tripcony,5 Maple Wood Drive,Saint Louis,Missouri,63167,12,10,1940
Karel,Boribal,3 Brentwood Avenue,El Paso,Texas,79923,12,10,1966
Alana,Pieterick,78352 5th Terrace,Lake Worth,Florida,33462,21,2,1919
Darell,Gary,2 Hanover Avenue,Miami,Florida,33185,18,12,1942
Tera,Kamien,4722 Anniversary Circle,Jackson,Mississippi,39210,10,1,2002
Kori,Cosely,26 Bayside Center,Little Rock,Arkansas,72204,24,12,1904
Mellisa,Mollindinia,2903 Express Way,Omaha,Nebraska,68179,19,7,1917
Jennette,Smethurst,9 Holy Cross Alley,Toledo,Ohio,43605,3,7,1948
Tremain,Severs,942 Elgar Hill,Saint Cloud,Minnesota,56398,11,7,1969
Morse,Shooter,02307 Merchant Center,Tulsa,Oklahoma,74103,5,5,1932
Car,Hinchshaw,1541 Bluejay Avenue,Stamford,Connecticut,06905,2,10,1966
Janelle,Peatheyjohns,9 Fisk Street,Oklahoma City,Oklahoma,73119,14,3,1939
Rayshell,Bertrand,2 Sugar Plaza,Duluth,Georgia,30096,9,7,1961
Christian,Thalmann,19985 Sachtjen Court,Evansville,Indiana,47737,20,7,1925
Dwayne,Amis,26106 Twin Pines Crossing,Knoxville,Tennessee,37995,6,4,1911
Westleigh,Matuszynski,5 Buell Place,Asheville,North Carolina,28815,13,9,1959
Leigh,Koppelmann,27 Brown Pass,Lake Worth,Florida,33462,22,6,1948
Ronni,Heijnen,4 Ronald Regan Drive,Washington,District of Columbia,20599,3,2,2009
Lorin,Skakunas,42 Parkside Terrace,Kansas City,Missouri,64101,13,8,2011
Carmine,Tilley,943 Dahle Junction,San Mateo,California,94405,18,11,1902
